Species,Score
Scleropages formosus,-2
Potamotrygon motoro,5
Chanos chanos,15
Coregonus nasus,18
Aplodinotus grunniens,19
Maccullochella peelii,20
Huso huso,22
Oncorhynchus kisutch,22
Anguilla bicolor,23
Anguilla rostrata,24
Scortum barcoo,25
Arapaima gigas,26
Acipenser stellatus,32
Coregonus peled,33
Polyodon spathula,33
Alburnus chalcoides,35
Acipenser gueldenstaedtii,35
Morone chrysops x M,35
Piaractus brachypomus,41
Oxyeleotris marmorata,41
Oxyeleotris lineolata,42
Salmo trutta,42
Ictiobus cyprinellus,44
Oncorhynchus mykiss,44
Cirrhinus mrigala,45
Labeo rohita,45
Xiphophorus hellerii,46.5
Labeo catla,46.5
Luciobarbus capito,48
Pangasianodon hypophthalmus,48.5
Oreochromis aureus,49
Oreochromis mossambicus,49
Oreochromis niloticus,49
Oreochromis niloticus,49
Oreochromis sp.,49
Ictalurus punctatus,51
Oreochromis urolepis,53.5
Sarotherodon melanotheron,55.5
Abramis brama,56
Cyprinus carpio,57
Sander lucioperca,57
Ameiurus nebulosus,57
Cyprinus carpio,59
Micropterus salmoides,59
Lepomis cyanellus,60
Carassius cuvieri,61
Pomoxis nigromaculatus,61
Silurus glanis,61
Lepomis macrochirus,63
Clarias gariepinus,63.5
Clarias macrocephalus,63.5
Carassius carassius,66
