Province,Species_Richness,Latitude,Elevation
 Guangdong Province,34,23.350669,396.010738
 Zhejiang Province,25,29.165943,315.172218
 Hubei Province,19,30.967721,437.669701
 Fujian Province,21,26.075152,486.794378
 Jiangsu Province,18,32.980729,12.962642
 Yunnan Province,19,24.974808,1890.287565
 Xinjiang Uygur Autonomous Region,17,41.112035,1896.300525
 Guangxi Zhuang Autonomous Region,23,23.835483,220.849429
 Sichuan Province,16,30.611567,2583.552481
 Hunan Province,17,27.605388,357.27976
 Jiangxi Province,18,27.608145,248.165232
 Hebei Province,14,39.533558,252.932718
 Shaanxi Province,15,35.203246,1134.938035
 Hainan Province,15,19.19263,192.327867
 Liaoning Province,14,41.29838,238.168518
 Inner Mongolia Autonomous Region,12,44.086538,1001.972127
 Beijing Municipality,7,40.163044,357.799217
 Shandong Province,13,36.321744,91.985779
 Heilongjiang Province,10,47.841794,318.734134
 Gansu Province,9,37.820795,2090.785867
 Guizhou Province,12,26.811498,1108.246601
 Tianjin Municipality,14,39.28829,13.981628
 Chongqing Municipality,14,30.047581,724.188288
 Anhui Province,16,31.822892,119.394506
 Henan Province,13,33.874271,558.724498
 Xizang Autonomous Region,2,31.495707,4735.826175
 Qinghai Province,3,35.742784,4039.167188
 Ningxia Hui Autonomous Region,5,37.268064,1563.584263
 Shanxi Province,13,37.569774,1157.201268
 Jilin Province,9,43.661595,404.190838
 Shanghai Municipality,7,31.165409,4.576628
