ID,Group,log_MBI,log_BEI,VEp,REs,OGp,RMI,BLs,PFv,PFs,CPt,log_MeanF,log_MeanAM,TL,log_Wmax,log_Amax
1,introduced,1.954243,1.286474,0.636324029,0.385172211,0.649739302,0.920099259,0.439046585,0.257827653,0.283493917,2.470405151,1.653212514,0.544068044,3.88,0.84509804,1.77815125
2,introduced,1.851258,1.495293,0.447189769,0.473164508,0.346817528,0.315070169,0.421766852,0.184867136,0.120629648,2.603707561,4.875061263,0.812913357,3.45,1.204119983,1.176091259
3,introduced,1.69897,1.240819,0.565086078,0.48,0.494108575,0.37576,0.292088491,0.343198135,0.12748584,3.442519231,4.740362689,0.77815125,3,0.698970004,1.113943352
4,introduced,2.90309,1.71114,0.404649948,0.197402512,0.106778997,0.814109081,0.331885667,0.382064176,0.144931983,3.394681084,6.605305046,1.204119983,4.42,3.505149978,2.071882007
5,introduced,2.033424,1.374323,0.569324567,0.296599751,0.482902796,0.837734123,0.581876792,0.257360533,0.153700295,2.717114626,3.552668216,0.477121255,4.1,1.181843588,0.698970004
6,introduced,2.08636,1.372461,0.603331072,0.318734538,0.50286397,0.825899299,0.525988454,0.243535353,0.155970227,2.650049006,3.811246398,0.544068044,4.08,1.413299764,1.041392685
7,introduced,2.146128,1.428784,0.605609036,0.304057662,0.520692859,0.874308435,0.463962026,0.25498346,0.141035041,2.274147539,3.012588792,0.477121255,3.36,1.698970004,1.579783597
8,introduced,2.230449,1.921402,0.385256943,0.247510776,0.288181929,0.515375,0.476944102,0.254536001,0.120818078,1.386320396,5.231291168,0.301029996,3.76,1.77815125,1.176091259
9,introduced,2.079181,1.686189,0.500822556,0.209489489,0.409121203,0.448027027,0.432401764,0.362110401,0.167095175,2.148486759,3.87069822,-0.15490196,3.7,1.653212514,0.477121255
10,introduced,1.20412,1.167327,0.434407464,0.545886497,0.517121066,0.253228063,0.460394826,0.367981308,0.198148828,1.875721102,2.041392685,-0.070581074,3.19,0.431363764,0.698970004
11,introduced,1.740363,1.378719,0.463754674,0.268012891,0.345555201,0.503887887,0.490174198,0.347816005,0.153249389,1.839310528,3.870697113,0.397940009,3.68,1.419955748,0.954242509
12,introduced,2.120574,1.445178,0.610576951,0.324100187,0.488390593,0.247652458,0.461683521,0.324333682,0.140295608,3.196117814,4.550576511,0.653212514,4.16,1.503790683,1.380211242
13,introduced,2.089905,1.18527,0.574395286,0.236382302,0.517014502,0.289722025,0.57477517,0.156740724,0.233957069,2.44818184,5.73957308,0.929418926,3.11,1.534026106,1.414973348
14,introduced,1.69897,1.609438,1,0.5,0,0.1,1,0,1,1,1.204119983,0.667452953,3.17,0.113943352,1.176091259
15,introduced,1.60206,1.45969,0.516448787,0.499901961,0.555920251,0.568627451,0.478271471,0.328975749,0.142962963,2.427996763,4.28957644,0.653212514,3.37,0.653212514,0.954242509
16,introduced,1.544068,0.894946,0.437705758,0.28438755,0.400427964,0.38976163,0.375228136,0.220302372,0.178767265,2.204470407,5.278753601,0.301029996,2.78,1.103803721,0.954242509
17,introduced,2,1.461421,0.559878998,0.391456255,0.496696352,0.353178286,0.438849137,0.310059924,0.16977627,2.988038532,5.117489867,0.301029996,2.4,1.603144373,1.079181246
18,introduced,2.079181,1.247205,0.510936185,0.182045455,0.307949315,0.346172727,0.48104781,0.258020926,0.178656382,2.637145238,6.050018695,0.301029996,3.06,1.602059991,1.579783597
19,introduced,2.079181,1.247205,0.510936185,0.182045455,0.307949315,0.346172727,0.48104781,0.258020926,0.178656382,2.637145238,1.243038049,0.602059991,2.9,1.653212514,1.672097858
20,introduced,2.30103,1.178183,0.52713504,0.260059768,0.512436956,0.286817131,0.440557863,0.267909341,0.195098995,2.939786362,6.210265382,0.301029996,2.19,1.176091259,1
21,introduced,2.021189,1.366125,0.40156957,0.301487179,0.216290079,0.653615385,0.291214289,0.373530861,0.160761599,2.08848948,4.84509804,0.698970004,2.97,0.301029996,1.041392685
22,introduced,1.662758,0.911179,0.59197164,0.324630069,0.464649112,0.2161608,0.489498561,0.385858656,0.319512947,2.383391003,3.372666221,-0.045757491,2.06,0.041392685,1
23,introduced,1.591065,0.789759,0.558858251,0.221400067,0.500847926,0.325302982,0.571703629,0.280433988,0.349541403,2.333975575,3.028371858,-0.455931956,2.17,0.633468456,1.041392685
24,introduced,1.80618,0.97913,0.529411566,0.328973443,0.440296211,0.333174359,0.457829901,0.392379683,0.29965704,2.545328124,2.954242509,0.113943352,2,0.633468456,0.954242509
25,introduced,1.80618,0.97913,0.529411566,0.328973443,0.440296211,0.333174359,0.457829901,0.392379683,0.29965704,2.545328124,2.574606671,-0.346787486,2,0.633468456,0.954242509
26,introduced,1.80618,0.97913,0.529411566,0.328973443,0.440296211,0.333174359,0.457829901,0.392379683,0.29965704,2.545328124,3.06069784,-0.346787486,2,0.477121255,0.954242509
27,introduced,1.643453,0.763811,0.651156177,0.25,0.505316007,0.339438449,0.547351841,0.348838354,0.312397907,2.205305417,2.397940009,-0.346787486,2,1.397940009,1
28,introduced,1.944483,0.68897,0.465058426,0.282771157,0.477384569,0.398363967,0.358558957,0.206299948,0.183778663,3.889522263,5.06069784,0.84509804,2.52,-0.251811973,1.447158031
29,introduced,1.447158,0.813124,0.638418923,0.308354924,0.411197555,0.24501612,0.597493293,0.322322935,0.36199894,2.641301054,2.69764131,0.397940009,2.21,1.301029996,0.971739591
30,introduced,2,1.489727,0.388211694,0.493332767,0.228995964,0.653749788,0.380940055,0.34755846,0.146019498,3.388258784,5.800717078,0.602059991,4.04,0.301029996,1.230448921
31,introduced,1.544068,1.034896,0.416183134,0.27865198,0.317802487,0.279127328,0.352582181,0.315438763,0.180066283,2.789526316,5.190331698,0.602059991,2.7,0.875061263,0.698970004
32,introduced,2.089905,2.716272,0.459853406,0.272354576,0.382055097,0.859859181,0.495349615,0.505743944,0.034745552,0,6.875061263,1.278753601,4.28,0.86332286,1.505149978
33,introduced,2.181844,2.805221,0.32608484,0.31401802,0.152306862,1.064214618,0.393905601,0.577587199,0.037438892,0,7.036812173,1.021189299,3.83,1.643452676,1.633468456
34,introduced,2.113943,1.32176,0.529051966,0.276312276,0.539791937,0.371539087,0.301279702,0.446738135,0.168159238,3.356671808,4.903089987,0.544068044,3.12,2.113943352,1
35,introduced,2.69897,1.764814,0.57179471,0.210233364,0.526157027,0.379009648,0.511623001,0.423543433,0.106003825,2.200067986,5.614230584,0.477121255,4.36,0.431363764,1.903089987
36,introduced,1.690196,0.762285,0.518641217,0.344596161,0.502919306,0.633842782,0.439424956,0.335282932,0.207328124,2.499158356,4.663780451,0.397940009,3.81,1.392696953,1.176091259
37,introduced,1.977724,1.019356,0.437381228,0.381944444,0.221978663,0.545482639,0.42003019,0.410993707,0.223393187,2.734042553,6.477121255,0.698970004,3.36,1.957607285,1.113943352
38,introduced,2.344392,1.913616,0.56573728,0.388798331,0.180349298,0.536784682,0.37708989,0.221438172,0.109281629,4.379741505,5.527845136,0.954242509,3.1,-0.017728766,1.740362689
39,introduced,1.491362,0.88326,0.572431215,0.30877193,0.48164257,0.566470175,0.550433201,0.302440833,0.211780812,2.507163324,4.146128036,0.255272505,3.49,0.342422681,0.954242509
40,introduced,1.612784,0.641658,0.53012832,0.285712472,0.489906007,0.277191891,0.514919493,0.3382264,0.300838867,2.975986278,4.58546073,0.176091259,3.24,1.004321374,1
41,introduced,1.986772,1.064116,0.598507859,0.271130617,0.546138912,0.84366518,0.471328002,0.326692452,0.172997466,2.367404334,4.745566028,0.397940009,3.84,0.477121255,1.361727836
42,introduced,1.653213,1.647397,0.520187599,0.418052205,0.359965891,0.680380779,0.594465045,0.617204357,0.206586059,2.238214286,4.84509804,0.397940009,3.7,1.204119983,0.812913357
43,introduced,1.812913,1.455203,0.683988467,0.215312118,0.6554245,0.746947625,0.551795168,0.690291056,0.185095772,2.081674471,4.698970004,0.477121255,3.9,2.06069784,1
44,introduced,2.372912,1.727173,0.281538806,0.373503483,0,NA,0.456523899,0,0.161473163,4.036914648,5.78359629,1.06069784,3.32,1.903089987,1.662757832
45,introduced,2.39794,2.160601,0.280231335,0.280278547,0,0.278200985,0.325371789,0,0.098354576,4.437812167,5.278753601,1.021189299,3.49,0.77815125,1.462397998
46,introduced,1.913814,0.934586,0.546875558,0.341575092,0.512381063,0.26297763,0.398473812,0.36893787,0.194460833,3.01447933,5.250420002,0.544068044,3.05,2.054995862,1.361727836
47,introduced,2.255273,1.182449,0.568626458,0.216819384,0.462198853,0.802554338,0.434917512,0.397828776,0.134012115,1.979778047,4.669316881,0.698970004,4.15,1.698970004,1.681241237
48,native,2.021189,1.219665,0.493936371,0.316898111,0.578815594,0.368427817,0.456579498,0.297775269,0.19777752,2.873008629,5.096910013,0.602059991,2.3,1.602059991,1.301029996
49,native,2.164353,1.226236,0.488693603,0.24572304,0.656005789,0.604370101,0.554376492,0.261572881,0.22218758,3.320970831,5.838849091,0.653212514,2.3,1.653212514,1.301029996
50,native,2.176091,1.376968,0.398785288,0.255772415,0.351890272,0.447552663,0.48132923,0.226864539,0.178111854,2.281579999,5.77815125,0.653212514,2,1.603144373,1.322219295
51,native,2.079181,1.247205,0.510936185,0.182045455,0.307949315,0.346172727,0.48104781,0.258020926,0.178656382,2.637145238,6.050018695,0.301029996,3.06,0.204119983,1.579783597
52,native,1.770852,0.968789,0.438711954,0.32616582,0.401780205,0.35966378,0.409389939,0.210317985,0.180506568,2.282849533,4.449475339,0.397940009,3.35,1.544068044,1.612783857
53,native,2.255273,1.3839,0.507637604,0.276566621,0.315864588,0.404395328,0.387871408,0.366405261,0.160547009,NA,6.301029996,0.602059991,3.19,0.903089987,1.113943352
54,native,1.845098,1.056663,0.495398529,0.192273973,0.410330897,0.572232877,0.414189097,0.388566111,0.164068833,2.100105005,4.718670379,0,4.5,-0.522878745,0.954242509
55,native,1.537819,1.375589,0.54763707,0.266784886,0.347059501,0.270105076,0.436130126,0.33120516,NA,2.255425532,3.740362689,0.544068044,3.5,-0.698970004,0.77815125
56,native,1.447158,1.910099,0.497109649,0.235894757,0.158328947,NA,0.520600877,0.169592105,0.110659668,1.343433219,4.439332694,0.176091259,3.1,1.255272505,1.113943352
57,native,2.056905,1.722767,0.55,0.14,0.7,0.36,0.51,0.42,0.13,2.2,4.698970004,0.544068044,4.2,0.954242509,1
58,native,2.0086,1.401575,0.554819042,0.382227982,0.667566531,0.622902653,0.47590124,0.185143529,0.159209636,2.579708443,5.210853365,0.698970004,4.37,-0.22184875,1.342422681
59,native,1.967548,1.42082,0.539493281,0.49049206,0.595415801,0.568515977,0.429221746,0.210529859,0.155322362,2.202597111,5.431363764,0.477121255,3.4,-0.823908741,1
60,native,1.740363,1.153885,0.475664954,0.406045319,0.37709618,0.321422553,0.377692948,0.269175288,0.179853772,3.131115959,5.181843588,0.477121255,2,0.176091259,1
61,native,2,1.635374,0.43519375,0.340909091,0.37500915,1.029022727,0.292804334,0.407570323,0.110460298,2.26815507,4.562292864,0.397940009,4.5,0.903089987,0.903089987
